[{"model": "auth.permission", "pk": 1, "fields": {"name": "Can add log entry", "content_type": 1, "codename": "add_logentry"}}, {"model": "auth.permission", "pk": 2, "fields": {"name": "Can change log entry", "content_type": 1, "codename": "change_logentry"}}, {"model": "auth.permission", "pk": 3, "fields": {"name": "Can delete log entry", "content_type": 1, "codename": "delete_logentry"}}, {"model": "auth.permission", "pk": 4, "fields": {"name": "Can view log entry", "content_type": 1, "codename": "view_logentry"}}, {"model": "auth.permission", "pk": 5, "fields": {"name": "Can add permission", "content_type": 3, "codename": "add_permission"}}, {"model": "auth.permission", "pk": 6, "fields": {"name": "Can change permission", "content_type": 3, "codename": "change_permission"}}, {"model": "auth.permission", "pk": 7, "fields": {"name": "Can delete permission", "content_type": 3, "codename": "delete_permission"}}, {"model": "auth.permission", "pk": 8, "fields": {"name": "Can view permission", "content_type": 3, "codename": "view_permission"}}, {"model": "auth.permission", "pk": 9, "fields": {"name": "Can add group", "content_type": 2, "codename": "add_group"}}, {"model": "auth.permission", "pk": 10, "fields": {"name": "Can change group", "content_type": 2, "codename": "change_group"}}, {"model": "auth.permission", "pk": 11, "fields": {"name": "Can delete group", "content_type": 2, "codename": "delete_group"}}, {"model": "auth.permission", "pk": 12, "fields": {"name": "Can view group", "content_type": 2, "codename": "view_group"}}, {"model": "auth.permission", "pk": 13, "fields": {"name": "Can add user", "content_type": 4, "codename": "add_user"}}, {"model": "auth.permission", "pk": 14, "fields": {"name": "Can change user", "content_type": 4, "codename": "change_user"}}, {"model": "auth.permission", "pk": 15, "fields": {"name": "Can delete user", "content_type": 4, "codename": "delete_user"}}, {"model": "auth.permission", "pk": 16, "fields": {"name": "Can view user", "content_type": 4, "codename": "view_user"}}, {"model": "auth.permission", "pk": 17, "fields": {"name": "Can add content type", "content_type": 5, "codename": "add_contenttype"}}, {"model": "auth.permission", "pk": 18, "fields": {"name": "Can change content type", "content_type": 5, "codename": "change_contenttype"}}, {"model": "auth.permission", "pk": 19, "fields": {"name": "Can delete content type", "content_type": 5, "codename": "delete_contenttype"}}, {"model": "auth.permission", "pk": 20, "fields": {"name": "Can view content type", "content_type": 5, "codename": "view_contenttype"}}, {"model": "auth.permission", "pk": 21, "fields": {"name": "Can add session", "content_type": 6, "codename": "add_session"}}, {"model": "auth.permission", "pk": 22, "fields": {"name": "Can change session", "content_type": 6, "codename": "change_session"}}, {"model": "auth.permission", "pk": 23, "fields": {"name": "Can delete session", "content_type": 6, "codename": "delete_session"}}, {"model": "auth.permission", "pk": 24, "fields": {"name": "Can view session", "content_type": 6, "codename": "view_session"}}, {"model": "auth.permission", "pk": 25, "fields": {"name": "Can add Sabor", "content_type": 8, "codename": "add_sabor"}}, {"model": "auth.permission", "pk": 26, "fields": {"name": "Can change Sabor", "content_type": 8, "codename": "change_sabor"}}, {"model": "auth.permission", "pk": 27, "fields": {"name": "Can delete Sabor", "content_type": 8, "codename": "delete_sabor"}}, {"model": "auth.permission", "pk": 28, "fields": {"name": "Can view Sabor", "content_type": 8, "codename": "view_sabor"}}, {"model": "auth.permission", "pk": 29, "fields": {"name": "Can add Topping", "content_type": 9, "codename": "add_topping"}}, {"model": "auth.permission", "pk": 30, "fields": {"name": "Can change Topping", "content_type": 9, "codename": "change_topping"}}, {"model": "auth.permission", "pk": 31, "fields": {"name": "Can delete Topping", "content_type": 9, "codename": "delete_topping"}}, {"model": "auth.permission", "pk": 32, "fields": {"name": "Can view Topping", "content_type": 9, "codename": "view_topping"}}, {"model": "auth.permission", "pk": 33, "fields": {"name": "Can add Producto", "content_type": 7, "codename": "add_producto"}}, {"model": "auth.permission", "pk": 34, "fields": {"name": "Can change Producto", "content_type": 7, "codename": "change_producto"}}, {"model": "auth.permission", "pk": 35, "fields": {"name": "Can delete Producto", "content_type": 7, "codename": "delete_producto"}}, {"model": "auth.permission", "pk": 36, "fields": {"name": "Can view Producto", "content_type": 7, "codename": "view_producto"}}, {"model": "auth.permission", "pk": 37, "fields": {"name": "Can add Pedido", "content_type": 13, "codename": "add_pedido"}}, {"model": "auth.permission", "pk": 38, "fields": {"name": "Can change Pedido", "content_type": 13, "codename": "change_pedido"}}, {"model": "auth.permission", "pk": 39, "fields": {"name": "Can delete Pedido", "content_type": 13, "codename": "delete_pedido"}}, {"model": "auth.permission", "pk": 40, "fields": {"name": "Can view Pedido", "content_type": 13, "codename": "view_pedido"}}, {"model": "auth.permission", "pk": 41, "fields": {"name": "Can add Ítem de pedido", "content_type": 10, "codename": "add_itempedido"}}, {"model": "auth.permission", "pk": 42, "fields": {"name": "Can change Ítem de pedido", "content_type": 10, "codename": "change_itempedido"}}, {"model": "auth.permission", "pk": 43, "fields": {"name": "Can delete Ítem de pedido", "content_type": 10, "codename": "delete_itempedido"}}, {"model": "auth.permission", "pk": 44, "fields": {"name": "Can view Ítem de pedido", "content_type": 10, "codename": "view_itempedido"}}, {"model": "auth.permission", "pk": 45, "fields": {"name": "Can add Sabor de ítem", "content_type": 11, "codename": "add_itempedidosabor"}}, {"model": "auth.permission", "pk": 46, "fields": {"name": "Can change Sabor de ítem", "content_type": 11, "codename": "change_itempedidosabor"}}, {"model": "auth.permission", "pk": 47, "fields": {"name": "Can delete Sabor de ítem", "content_type": 11, "codename": "delete_itempedidosabor"}}, {"model": "auth.permission", "pk": 48, "fields": {"name": "Can view Sabor de ítem", "content_type": 11, "codename": "view_itempedidosabor"}}, {"model": "auth.permission", "pk": 49, "fields": {"name": "Can add Topping de ítem", "content_type": 12, "codename": "add_itempedidotopping"}}, {"model": "auth.permission", "pk": 50, "fields": {"name": "Can change Topping de ítem", "content_type": 12, "codename": "change_itempedidotopping"}}, {"model": "auth.permission", "pk": 51, "fields": {"name": "Can delete Topping de ítem", "content_type": 12, "codename": "delete_itempedidotopping"}}, {"model": "auth.permission", "pk": 52, "fields": {"name": "Can view Topping de ítem", "content_type": 12, "codename": "view_itempedidotopping"}}, {"model": "auth.permission", "pk": 53, "fields": {"name": "Can add Pago", "content_type": 18, "codename": "add_pago"}}, {"model": "auth.permission", "pk": 54, "fields": {"name": "Can change Pago", "content_type": 18, "codename": "change_pago"}}, {"model": "auth.permission", "pk": 55, "fields": {"name": "Can delete Pago", "content_type": 18, "codename": "delete_pago"}}, {"model": "auth.permission", "pk": 56, "fields": {"name": "Can view Pago", "content_type": 18, "codename": "view_pago"}}, {"model": "auth.permission", "pk": 57, "fields": {"name": "Can add Caja diaria", "content_type": 15, "codename": "add_cajadiaria"}}, {"model": "auth.permission", "pk": 58, "fields": {"name": "Can change Caja diaria", "content_type": 15, "codename": "change_cajadiaria"}}, {"model": "auth.permission", "pk": 59, "fields": {"name": "Can delete Caja diaria", "content_type": 15, "codename": "delete_cajadiaria"}}, {"model": "auth.permission", "pk": 60, "fields": {"name": "Can view Caja diaria", "content_type": 15, "codename": "view_cajadiaria"}}, {"model": "auth.permission", "pk": 61, "fields": {"name": "Can add Movimiento de caja", "content_type": 17, "codename": "add_movimientocaja"}}, {"model": "auth.permission", "pk": 62, "fields": {"name": "Can change Movimiento de caja", "content_type": 17, "codename": "change_movimientocaja"}}, {"model": "auth.permission", "pk": 63, "fields": {"name": "Can delete Movimiento de caja", "content_type": 17, "codename": "delete_movimientocaja"}}, {"model": "auth.permission", "pk": 64, "fields": {"name": "Can view Movimiento de caja", "content_type": 17, "codename": "view_movimientocaja"}}, {"model": "auth.permission", "pk": 65, "fields": {"name": "Can add Ajuste de stock", "content_type": 14, "codename": "add_ajustestock"}}, {"model": "auth.permission", "pk": 66, "fields": {"name": "Can change Ajuste de stock", "content_type": 14, "codename": "change_ajustestock"}}, {"model": "auth.permission", "pk": 67, "fields": {"name": "Can delete Ajuste de stock", "content_type": 14, "codename": "delete_ajustestock"}}, {"model": "auth.permission", "pk": 68, "fields": {"name": "Can view Ajuste de stock", "content_type": 14, "codename": "view_ajustestock"}}, {"model": "auth.permission", "pk": 69, "fields": {"name": "Can add Insumo", "content_type": 16, "codename": "add_insumostock"}}, {"model": "auth.permission", "pk": 70, "fields": {"name": "Can change Insumo", "content_type": 16, "codename": "change_insumostock"}}, {"model": "auth.permission", "pk": 71, "fields": {"name": "Can delete Insumo", "content_type": 16, "codename": "delete_insumostock"}}, {"model": "auth.permission", "pk": 72, "fields": {"name": "Can view Insumo", "content_type": 16, "codename": "view_insumostock"}}, {"model": "auth.permission", "pk": 73, "fields": {"name": "Can add Insumo", "content_type": 19, "codename": "add_insumostock"}}, {"model": "auth.permission", "pk": 74, "fields": {"name": "Can change Insumo", "content_type": 19, "codename": "change_insumostock"}}, {"model": "auth.permission", "pk": 75, "fields": {"name": "Can delete Insumo", "content_type": 19, "codename": "delete_insumostock"}}, {"model": "auth.permission", "pk": 76, "fields": {"name": "Can view Insumo", "content_type": 19, "codename": "view_insumostock"}}, {"model": "auth.user", "pk": 1, "fields": {"password": "pbkdf2_sha256$1200000$ZAjPi102BfKXyT1PO5gxCA$X05RvY8dAtJHPR2l1nthPtEn2GNCwDaj8FOs/3mI3FU=", "last_login": "2026-04-18T21:14:59.140Z", "is_superuser": true, "username": "admin", "first_name": "", "last_name": "", "email": "", "is_staff": true, "is_active": true, "date_joined": "2026-04-18T17:20:55.315Z", "groups": [], "user_permissions": []}}, {"model": "contenttypes.contenttype", "pk": 1, "fields": {"app_label": "admin", "model": "logentry"}}, {"model": "contenttypes.contenttype", "pk": 2, "fields": {"app_label": "auth", "model": "group"}}, {"model": "contenttypes.contenttype", "pk": 3, "fields": {"app_label": "auth", "model": "permission"}}, {"model": "contenttypes.contenttype", "pk": 4, "fields": {"app_label": "auth", "model": "user"}}, {"model": "contenttypes.contenttype", "pk": 5, "fields": {"app_label": "contenttypes", "model": "contenttype"}}, {"model": "contenttypes.contenttype", "pk": 6, "fields": {"app_label": "sessions", "model": "session"}}, {"model": "contenttypes.contenttype", "pk": 7, "fields": {"app_label": "productos", "model": "producto"}}, {"model": "contenttypes.contenttype", "pk": 8, "fields": {"app_label": "productos", "model": "sabor"}}, {"model": "contenttypes.contenttype", "pk": 9, "fields": {"app_label": "productos", "model": "topping"}}, {"model": "contenttypes.contenttype", "pk": 10, "fields": {"app_label": "pedidos", "model": "itempedido"}}, {"model": "contenttypes.contenttype", "pk": 11, "fields": {"app_label": "pedidos", "model": "itempedidosabor"}}, {"model": "contenttypes.contenttype", "pk": 12, "fields": {"app_label": "pedidos", "model": "itempedidotopping"}}, {"model": "contenttypes.contenttype", "pk": 13, "fields": {"app_label": "pedidos", "model": "pedido"}}, {"model": "contenttypes.contenttype", "pk": 14, "fields": {"app_label": "pagos", "model": "ajustestock"}}, {"model": "contenttypes.contenttype", "pk": 15, "fields": {"app_label": "pagos", "model": "cajadiaria"}}, {"model": "contenttypes.contenttype", "pk": 16, "fields": {"app_label": "pagos", "model": "insumostock"}}, {"model": "contenttypes.contenttype", "pk": 17, "fields": {"app_label": "pagos", "model": "movimientocaja"}}, {"model": "contenttypes.contenttype", "pk": 18, "fields": {"app_label": "pagos", "model": "pago"}}, {"model": "contenttypes.contenttype", "pk": 19, "fields": {"app_label": "productos", "model": "insumostock"}}, {"model": "sessions.session", "pk": "05i4uczptk1aecjbfpqs4lpxjc4m5nbz", "fields": {"session_data": ".eJxVjMsKgzAQAP9lzyUkqyurx977BaXI5rHVthiI8VT670Xw4nVmmC8EKWWuGYb74wKjbHUatzWVcY4wgIMT8xLeadlFfMnyzCbkpZbZmz0xh13NLcf0uR7taTDJOsEArapXbJEoWOwb7Ch0qM6K59Rb5g59RNWG0TtCF0i0UZfIM3HPVuH3B9r0O8s:1wFY9S:thgI5nx3IlfRxfiq-kUV6itJUoeW0riS8P6IrmdeZpc", "expire_date": "2026-05-06T14:02:02.280Z"}}, {"model": "productos.sabor", "pk": 1, "fields": {"nombre": "Dulce de leche", "stock_kg": "5.000", "stock_minimo_kg": "0.500", "activo": true}}, {"model": "productos.sabor", "pk": 2, "fields": {"nombre": "Vainilla", "stock_kg": "4.500", "stock_minimo_kg": "0.500", "activo": true}}, {"model": "productos.sabor", "pk": 3, "fields": {"nombre": "Chocolate", "stock_kg": "4.000", "stock_minimo_kg": "0.500", "activo": true}}, {"model": "productos.sabor", "pk": 4, "fields": {"nombre": "Frutilla", "stock_kg": "3.000", "stock_minimo_kg": "0.500", "activo": true}}, {"model": "productos.sabor", "pk": 5, "fields": {"nombre": "Limón", "stock_kg": "2.500", "stock_minimo_kg": "0.500", "activo": true}}, {"model": "productos.sabor", "pk": 6, "fields": {"nombre": "Menta granizada", "stock_kg": "2.000", "stock_minimo_kg": "0.500", "activo": true}}, {"model": "productos.sabor", "pk": 7, "fields": {"nombre": "Tramontana", "stock_kg": "3.500", "stock_minimo_kg": "0.500", "activo": true}}, {"model": "productos.sabor", "pk": 8, "fields": {"nombre": "Sambayón", "stock_kg": "1.500", "stock_minimo_kg": "0.500", "activo": true}}, {"model": "productos.sabor", "pk": 9, "fields": {"nombre": "Maracuyá", "stock_kg": "1.000", "stock_minimo_kg": "0.500", "activo": true}}, {"model": "productos.sabor", "pk": 10, "fields": {"nombre": "Dulce de leche granizado", "stock_kg": "4.000", "stock_minimo_kg": "0.500", "activo": true}}, {"model": "productos.sabor", "pk": 11, "fields": {"nombre": "Mascarpone", "stock_kg": "1.000", "stock_minimo_kg": "0.500", "activo": true}}, {"model": "productos.sabor", "pk": 12, "fields": {"nombre": "Americana", "stock_kg": "3.000", "stock_minimo_kg": "0.500", "activo": true}}, {"model": "productos.sabor", "pk": 13, "fields": {"nombre": "Pistacho", "stock_kg": "0.300", "stock_minimo_kg": "0.500", "activo": true}}, {"model": "productos.sabor", "pk": 14, "fields": {"nombre": "Café", "stock_kg": "2.500", "stock_minimo_kg": "0.500", "activo": true}}, {"model": "productos.sabor", "pk": 15, "fields": {"nombre": "Crema del cielo", "stock_kg": "2.000", "stock_minimo_kg": "0.500", "activo": true}}, {"model": "productos.topping", "pk": 1, "fields": {"nombre": "Maní caramelizado", "precio_extra": "100.00", "activo": true}}, {"model": "productos.topping", "pk": 2, "fields": {"nombre": "Granola", "precio_extra": "100.00", "activo": true}}, {"model": "productos.topping", "pk": 3, "fields": {"nombre": "Chips de chocolate", "precio_extra": "100.00", "activo": true}}, {"model": "productos.topping", "pk": 4, "fields": {"nombre": "Coco rallado", "precio_extra": "100.00", "activo": true}}, {"model": "productos.topping", "pk": 5, "fields": {"nombre": "Dulce de leche extra", "precio_extra": "100.00", "activo": true}}, {"model": "productos.topping", "pk": 6, "fields": {"nombre": "Frutas frescas", "precio_extra": "100.00", "activo": true}}, {"model": "productos.producto", "pk": 1, "fields": {"nombre": "Helado 1/4 kg", "tipo": "helado_cuarto", "precio": "1800.00", "descripcion": "Hasta 3 sabores a elección.", "activo": true, "tiene_stock": false, "stock_unidades": 0, "stock_minimo_u": 5, "insumo_asociado": null}}, {"model": "productos.producto", "pk": 2, "fields": {"nombre": "Helado 1/2 kg", "tipo": "helado_medio", "precio": "3200.00", "descripcion": "Hasta 4 sabores a elección.", "activo": true, "tiene_stock": false, "stock_unidades": 0, "stock_minimo_u": 5, "insumo_asociado": null}}, {"model": "productos.producto", "pk": 3, "fields": {"nombre": "Helado 1 kg", "tipo": "helado_kilo", "precio": "5800.00", "descripcion": "Hasta 4 sabores a elección.", "activo": true, "tiene_stock": false, "stock_unidades": 0, "stock_minimo_u": 5, "insumo_asociado": null}}, {"model": "productos.producto", "pk": 4, "fields": {"nombre": "Vasito individual", "tipo": "helado_cuarto", "precio": "1200.00", "descripcion": "Porción individual con 1 sabor.", "activo": true, "tiene_stock": false, "stock_unidades": 0, "stock_minimo_u": 5, "insumo_asociado": null}}, {"model": "productos.producto", "pk": 5, "fields": {"nombre": "Brownie con helado", "tipo": "postre", "precio": "2200.00", "descripcion": "Brownie de chocolate con 1 bocha.", "activo": true, "tiene_stock": false, "stock_unidades": 0, "stock_minimo_u": 5, "insumo_asociado": null}}, {"model": "productos.producto", "pk": 6, "fields": {"nombre": "Sundae", "tipo": "postre", "precio": "1900.00", "descripcion": "Helado con salsa, crema y topping.", "activo": true, "tiene_stock": false, "stock_unidades": 0, "stock_minimo_u": 5, "insumo_asociado": null}}, {"model": "productos.producto", "pk": 7, "fields": {"nombre": "Milkshake", "tipo": "postre", "precio": "2500.00", "descripcion": "Batido cremoso. Elegí el sabor en comentarios.", "activo": true, "tiene_stock": false, "stock_unidades": 0, "stock_minimo_u": 5, "insumo_asociado": null}}, {"model": "pedidos.pedido", "pk": 1, "fields": {"numero": "#000001", "cliente_nombre": "Mary", "cliente_telefono": "-", "tipo_pedido": "MOSTRADOR", "tipo_entrega": "RETIRO", "direccion_entrega": "", "estado": "LISTO", "metodo_pago_principal": "MERCADOPAGO", "total": "1800.00", "comentarios": "", "fecha_creacion": "2026-04-18T18:54:01.618Z", "fecha_actualizacion": "2026-04-18T18:54:01.618Z"}}, {"model": "pedidos.pedido", "pk": 2, "fields": {"numero": "#000002", "cliente_nombre": "Fabri", "cliente_telefono": "-", "tipo_pedido": "MOSTRADOR", "tipo_entrega": "RETIRO", "direccion_entrega": "", "estado": "ENTREGADO", "metodo_pago_principal": "EFECTIVO", "total": "5800.00", "comentarios": "", "fecha_creacion": "2026-04-18T18:56:00.721Z", "fecha_actualizacion": "2026-04-18T18:56:00.721Z"}}, {"model": "pedidos.pedido", "pk": 3, "fields": {"numero": "#000003", "cliente_nombre": "Mirna", "cliente_telefono": "1170320753", "tipo_pedido": "WEB", "tipo_entrega": "DELIVERY", "direccion_entrega": "Tu Corazón 999", "estado": "ENTREGADO", "metodo_pago_principal": "MIXTO", "total": "1300.00", "comentarios": "", "fecha_creacion": "2026-04-18T19:15:53.485Z", "fecha_actualizacion": "2026-04-18T19:15:53.485Z"}}, {"model": "pedidos.pedido", "pk": 4, "fields": {"numero": "#000004", "cliente_nombre": "Kali", "cliente_telefono": "1112345678", "tipo_pedido": "WEB", "tipo_entrega": "RETIRO", "direccion_entrega": "", "estado": "RECIBIDO", "metodo_pago_principal": "EFECTIVO", "total": "5800.00", "comentarios": "", "fecha_creacion": "2026-04-18T19:24:17.114Z", "fecha_actualizacion": "2026-04-18T19:24:17.114Z"}}, {"model": "pedidos.pedido", "pk": 5, "fields": {"numero": "#000005", "cliente_nombre": "Matías", "cliente_telefono": "1112345678", "tipo_pedido": "WEB", "tipo_entrega": "DELIVERY", "direccion_entrega": "Calle Falsa 213", "estado": "ENTREGADO", "metodo_pago_principal": "MERCADOPAGO", "total": "5700.00", "comentarios": "", "fecha_creacion": "2026-04-18T20:07:46.275Z", "fecha_actualizacion": "2026-04-18T20:07:46.275Z"}}, {"model": "pedidos.pedido", "pk": 6, "fields": {"numero": "#000006", "cliente_nombre": "Juana", "cliente_telefono": "1126853117", "tipo_pedido": "WEB", "tipo_entrega": "RETIRO", "direccion_entrega": "", "estado": "ENTREGADO", "metodo_pago_principal": "EFECTIVO", "total": "3200.00", "comentarios": "", "fecha_creacion": "2026-04-18T20:17:50.267Z", "fecha_actualizacion": "2026-04-18T20:17:50.267Z"}}, {"model": "pedidos.pedido", "pk": 7, "fields": {"numero": "#000007", "cliente_nombre": "Mostrador", "cliente_telefono": "-", "tipo_pedido": "MOSTRADOR", "tipo_entrega": "RETIRO", "direccion_entrega": "", "estado": "ENTREGADO", "metodo_pago_principal": "EFECTIVO", "total": "5800.00", "comentarios": "", "fecha_creacion": "2026-04-18T20:29:48.668Z", "fecha_actualizacion": "2026-04-18T20:29:48.668Z"}}, {"model": "pedidos.pedido", "pk": 8, "fields": {"numero": "#000008", "cliente_nombre": "Mostrador", "cliente_telefono": "-", "tipo_pedido": "MOSTRADOR", "tipo_entrega": "RETIRO", "direccion_entrega": "", "estado": "LISTO", "metodo_pago_principal": "MERCADOPAGO", "total": "1200.00", "comentarios": "", "fecha_creacion": "2026-04-18T20:29:54.212Z", "fecha_actualizacion": "2026-04-18T20:29:54.212Z"}}, {"model": "pedidos.pedido", "pk": 9, "fields": {"numero": "#000009", "cliente_nombre": "Mostrador", "cliente_telefono": "-", "tipo_pedido": "MOSTRADOR", "tipo_entrega": "RETIRO", "direccion_entrega": "", "estado": "ENTREGADO", "metodo_pago_principal": "MERCADOPAGO", "total": "3200.00", "comentarios": "", "fecha_creacion": "2026-04-18T20:30:49.262Z", "fecha_actualizacion": "2026-04-18T20:30:49.262Z"}}, {"model": "pedidos.pedido", "pk": 10, "fields": {"numero": "#000010", "cliente_nombre": "Mostrador", "cliente_telefono": "-", "tipo_pedido": "MOSTRADOR", "tipo_entrega": "RETIRO", "direccion_entrega": "", "estado": "LISTO", "metodo_pago_principal": "EFECTIVO", "total": "4700.00", "comentarios": "", "fecha_creacion": "2026-04-18T20:30:57.407Z", "fecha_actualizacion": "2026-04-18T20:30:57.407Z"}}, {"model": "pedidos.pedido", "pk": 11, "fields": {"numero": "#000011", "cliente_nombre": "Barbie", "cliente_telefono": "1165784236", "tipo_pedido": "WEB", "tipo_entrega": "DELIVERY", "direccion_entrega": "Amancay 897", "estado": "RECIBIDO", "metodo_pago_principal": "EFECTIVO", "total": "1800.00", "comentarios": "", "fecha_creacion": "2026-04-18T21:18:04.316Z", "fecha_actualizacion": "2026-04-18T21:18:04.316Z"}}, {"model": "pedidos.pedido", "pk": 12, "fields": {"numero": "#000012", "cliente_nombre": "Mostrador", "cliente_telefono": "-", "tipo_pedido": "MOSTRADOR", "tipo_entrega": "RETIRO", "direccion_entrega": "", "estado": "LISTO", "metodo_pago_principal": "EFECTIVO", "total": "1800.00", "comentarios": "", "fecha_creacion": "2026-04-18T21:42:35.675Z", "fecha_actualizacion": "2026-04-18T21:42:35.675Z"}}, {"model": "pedidos.pedido", "pk": 13, "fields": {"numero": "#000013", "cliente_nombre": "Mostrador", "cliente_telefono": "-", "tipo_pedido": "MOSTRADOR", "tipo_entrega": "RETIRO", "direccion_entrega": "", "estado": "ENTREGADO", "metodo_pago_principal": "EFECTIVO", "total": "1200.00", "comentarios": "", "fecha_creacion": "2026-04-18T22:08:53.115Z", "fecha_actualizacion": "2026-04-18T22:08:53.115Z"}}, {"model": "pedidos.pedido", "pk": 14, "fields": {"numero": "#000014", "cliente_nombre": "Mostrador", "cliente_telefono": "-", "tipo_pedido": "MOSTRADOR", "tipo_entrega": "RETIRO", "direccion_entrega": "", "estado": "CANCELADO", "metodo_pago_principal": "EFECTIVO", "total": "1800.00", "comentarios": "", "fecha_creacion": "2026-04-18T22:09:01.322Z", "fecha_actualizacion": "2026-04-18T22:09:01.322Z"}}, {"model": "pedidos.pedido", "pk": 15, "fields": {"numero": "#000015", "cliente_nombre": "Mostrador", "cliente_telefono": "-", "tipo_pedido": "MOSTRADOR", "tipo_entrega": "RETIRO", "direccion_entrega": "", "estado": "CANCELADO", "metodo_pago_principal": "MIXTO", "total": "2200.00", "comentarios": "", "fecha_creacion": "2026-04-18T22:09:58.753Z", "fecha_actualizacion": "2026-04-18T22:09:58.753Z"}}, {"model": "pedidos.pedido", "pk": 16, "fields": {"numero": "#000016", "cliente_nombre": "Mostrador", "cliente_telefono": "-", "tipo_pedido": "MOSTRADOR", "tipo_entrega": "RETIRO", "direccion_entrega": "", "estado": "ENTREGADO", "metodo_pago_principal": "MIXTO", "total": "2500.00", "comentarios": "", "fecha_creacion": "2026-04-18T22:10:09.584Z", "fecha_actualizacion": "2026-04-18T22:10:09.584Z"}}, {"model": "pedidos.pedido", "pk": 17, "fields": {"numero": "#000017", "cliente_nombre": "Mostrador", "cliente_telefono": "-", "tipo_pedido": "MOSTRADOR", "tipo_entrega": "RETIRO", "direccion_entrega": "", "estado": "LISTO", "metodo_pago_principal": "MIXTO", "total": "1800.00", "comentarios": "", "fecha_creacion": "2026-04-18T22:10:19.321Z", "fecha_actualizacion": "2026-04-18T22:10:19.321Z"}}, {"model": "pedidos.pedido", "pk": 18, "fields": {"numero": "#000018", "cliente_nombre": "Gus", "cliente_telefono": "1146985705", "tipo_pedido": "WEB", "tipo_entrega": "RETIRO", "direccion_entrega": "", "estado": "ENTREGADO", "metodo_pago_principal": "EFECTIVO", "total": "5800.00", "comentarios": "", "fecha_creacion": "2026-04-18T22:15:53.682Z", "fecha_actualizacion": "2026-04-18T22:15:53.682Z"}}, {"model": "pedidos.pedido", "pk": 19, "fields": {"numero": "#000019", "cliente_nombre": "Mostrador", "cliente_telefono": "-", "tipo_pedido": "MOSTRADOR", "tipo_entrega": "RETIRO", "direccion_entrega": "", "estado": "LISTO", "metodo_pago_principal": "MERCADOPAGO", "total": "11.00", "comentarios": "", "fecha_creacion": "2026-04-20T17:10:09.995Z", "fecha_actualizacion": "2026-04-20T17:10:09.995Z"}}, {"model": "pedidos.pedido", "pk": 20, "fields": {"numero": "#000020", "cliente_nombre": "Mostrador", "cliente_telefono": "-", "tipo_pedido": "MOSTRADOR", "tipo_entrega": "RETIRO", "direccion_entrega": "", "estado": "LISTO", "metodo_pago_principal": "MERCADOPAGO", "total": "1900.00", "comentarios": "", "fecha_creacion": "2026-04-20T17:11:39.586Z", "fecha_actualizacion": "2026-04-20T17:11:39.586Z"}}, {"model": "pedidos.pedido", "pk": 21, "fields": {"numero": "#000021", "cliente_nombre": "Mostrador", "cliente_telefono": "-", "tipo_pedido": "MOSTRADOR", "tipo_entrega": "RETIRO", "direccion_entrega": "", "estado": "LISTO", "metodo_pago_principal": "MIXTO", "total": "1800.00", "comentarios": "", "fecha_creacion": "2026-04-20T17:12:26.380Z", "fecha_actualizacion": "2026-04-20T17:12:26.380Z"}}, {"model": "pedidos.pedido", "pk": 22, "fields": {"numero": "#000022", "cliente_nombre": "Mostrador", "cliente_telefono": "-", "tipo_pedido": "MOSTRADOR", "tipo_entrega": "RETIRO", "direccion_entrega": "", "estado": "LISTO", "metodo_pago_principal": "MIXTO", "total": "5800.00", "comentarios": "", "fecha_creacion": "2026-04-20T17:13:23.630Z", "fecha_actualizacion": "2026-04-20T17:13:23.630Z"}}, {"model": "pedidos.pedido", "pk": 23, "fields": {"numero": "#000023", "cliente_nombre": "Mostrador", "cliente_telefono": "-", "tipo_pedido": "MOSTRADOR", "tipo_entrega": "RETIRO", "direccion_entrega": "", "estado": "LISTO", "metodo_pago_principal": "MERCADOPAGO", "total": "2200.00", "comentarios": "", "fecha_creacion": "2026-04-20T21:41:44.165Z", "fecha_actualizacion": "2026-04-20T21:41:44.165Z"}}, {"model": "pedidos.pedido", "pk": 24, "fields": {"numero": "#000024", "cliente_nombre": "Mostrador", "cliente_telefono": "-", "tipo_pedido": "MOSTRADOR", "tipo_entrega": "RETIRO", "direccion_entrega": "", "estado": "LISTO", "metodo_pago_principal": "EFECTIVO", "total": "2500.00", "comentarios": "", "fecha_creacion": "2026-04-20T22:07:22.757Z", "fecha_actualizacion": "2026-04-20T22:07:22.757Z"}}, {"model": "pedidos.pedido", "pk": 25, "fields": {"numero": "#000025", "cliente_nombre": "Facu", "cliente_telefono": "-", "tipo_pedido": "MOSTRADOR", "tipo_entrega": "RETIRO", "direccion_entrega": "", "estado": "LISTO", "metodo_pago_principal": "EFECTIVO", "total": "2200.00", "comentarios": "", "fecha_creacion": "2026-04-20T22:56:55.582Z", "fecha_actualizacion": "2026-04-20T22:56:55.582Z"}}, {"model": "pedidos.pedido", "pk": 26, "fields": {"numero": "#000026", "cliente_nombre": "Kev", "cliente_telefono": "-", "tipo_pedido": "MOSTRADOR", "tipo_entrega": "RETIRO", "direccion_entrega": "", "estado": "LISTO", "metodo_pago_principal": "MIXTO", "total": "4700.00", "comentarios": "", "fecha_creacion": "2026-04-20T22:58:05.638Z", "fecha_actualizacion": "2026-04-20T22:58:05.638Z"}}, {"model": "pedidos.pedido", "pk": 27, "fields": {"numero": "#000027", "cliente_nombre": "Matilda", "cliente_telefono": "-", "tipo_pedido": "MOSTRADOR", "tipo_entrega": "RETIRO", "direccion_entrega": "", "estado": "LISTO", "metodo_pago_principal": "MIXTO", "total": "4200.00", "comentarios": "", "fecha_creacion": "2026-04-20T22:58:44.408Z", "fecha_actualizacion": "2026-04-20T22:58:44.408Z"}}, {"model": "pedidos.pedido", "pk": 28, "fields": {"numero": "#000028", "cliente_nombre": "Mostrador", "cliente_telefono": "-", "tipo_pedido": "MOSTRADOR", "tipo_entrega": "RETIRO", "direccion_entrega": "", "estado": "LISTO", "metodo_pago_principal": "MIXTO", "total": "9000.00", "comentarios": "", "fecha_creacion": "2026-04-20T23:33:37.874Z", "fecha_actualizacion": "2026-04-20T23:33:37.874Z"}}, {"model": "pedidos.pedido", "pk": 29, "fields": {"numero": "#000029", "cliente_nombre": "Mostrador", "cliente_telefono": "-", "tipo_pedido": "MOSTRADOR", "tipo_entrega": "RETIRO", "direccion_entrega": "", "estado": "LISTO", "metodo_pago_principal": "MIXTO", "total": "1200.00", "comentarios": "", "fecha_creacion": "2026-04-20T23:34:09.467Z", "fecha_actualizacion": "2026-04-20T23:34:09.467Z"}}, {"model": "pedidos.pedido", "pk": 30, "fields": {"numero": "#000030", "cliente_nombre": "Mostrador", "cliente_telefono": "-", "tipo_pedido": "MOSTRADOR", "tipo_entrega": "RETIRO", "direccion_entrega": "", "estado": "LISTO", "metodo_pago_principal": "MIXTO", "total": "5800.00", "comentarios": "", "fecha_creacion": "2026-04-20T23:34:31.938Z", "fecha_actualizacion": "2026-04-20T23:34:31.938Z"}}, {"model": "pedidos.pedido", "pk": 31, "fields": {"numero": "#000031", "cliente_nombre": "Mostrador", "cliente_telefono": "-", "tipo_pedido": "MOSTRADOR", "tipo_entrega": "RETIRO", "direccion_entrega": "", "estado": "LISTO", "metodo_pago_principal": "EFECTIVO", "total": "3600.00", "comentarios": "", "fecha_creacion": "2026-04-21T02:30:16.466Z", "fecha_actualizacion": "2026-04-21T02:30:16.466Z"}}, {"model": "pedidos.pedido", "pk": 32, "fields": {"numero": "#000032", "cliente_nombre": "Fer", "cliente_telefono": "-", "tipo_pedido": "MOSTRADOR", "tipo_entrega": "RETIRO", "direccion_entrega": "", "estado": "CANCELADO", "metodo_pago_principal": "MIXTO", "total": "5900.00", "comentarios": "", "fecha_creacion": "2026-04-21T11:49:48.119Z", "fecha_actualizacion": "2026-04-21T11:49:48.119Z"}}, {"model": "pedidos.pedido", "pk": 33, "fields": {"numero": "#000033", "cliente_nombre": "Erika", "cliente_telefono": "1170320753", "tipo_pedido": "WEB", "tipo_entrega": "DELIVERY", "direccion_entrega": "Calle Falsa 2123", "estado": "ENTREGADO", "metodo_pago_principal": "EFECTIVO", "total": "5800.00", "comentarios": "", "fecha_creacion": "2026-04-22T14:02:02.151Z", "fecha_actualizacion": "2026-04-22T14:02:02.151Z"}}, {"model": "pedidos.itempedido", "pk": 1, "fields": {"pedido": 1, "producto": 1, "cantidad": 1, "precio_unitario": "1800.00", "subtotal": "1800.00", "comentarios": ""}}, {"model": "pedidos.itempedido", "pk": 2, "fields": {"pedido": 2, "producto": 3, "cantidad": 1, "precio_unitario": "5800.00", "subtotal": "5800.00", "comentarios": ""}}, {"model": "pedidos.itempedido", "pk": 3, "fields": {"pedido": 3, "producto": 4, "cantidad": 1, "precio_unitario": "1200.00", "subtotal": "1300.00", "comentarios": ""}}, {"model": "pedidos.itempedido", "pk": 4, "fields": {"pedido": 4, "producto": 3, "cantidad": 1, "precio_unitario": "5800.00", "subtotal": "5800.00", "comentarios": ""}}, {"model": "pedidos.itempedido", "pk": 5, "fields": {"pedido": 5, "producto": 2, "cantidad": 1, "precio_unitario": "3200.00", "subtotal": "3200.00", "comentarios": ""}}, {"model": "pedidos.itempedido", "pk": 6, "fields": {"pedido": 5, "producto": 7, "cantidad": 1, "precio_unitario": "2500.00", "subtotal": "2500.00", "comentarios": "Dulce de leche granizado"}}, {"model": "pedidos.itempedido", "pk": 7, "fields": {"pedido": 6, "producto": 2, "cantidad": 1, "precio_unitario": "3200.00", "subtotal": "3200.00", "comentarios": ""}}, {"model": "pedidos.itempedido", "pk": 8, "fields": {"pedido": 7, "producto": 3, "cantidad": 1, "precio_unitario": "5800.00", "subtotal": "5800.00", "comentarios": ""}}, {"model": "pedidos.itempedido", "pk": 9, "fields": {"pedido": 8, "producto": 4, "cantidad": 1, "precio_unitario": "1200.00", "subtotal": "1200.00", "comentarios": ""}}, {"model": "pedidos.itempedido", "pk": 10, "fields": {"pedido": 9, "producto": 2, "cantidad": 1, "precio_unitario": "3200.00", "subtotal": "3200.00", "comentarios": ""}}, {"model": "pedidos.itempedido", "pk": 11, "fields": {"pedido": 10, "producto": 7, "cantidad": 1, "precio_unitario": "2500.00", "subtotal": "2500.00", "comentarios": ""}}, {"model": "pedidos.itempedido", "pk": 12, "fields": {"pedido": 10, "producto": 5, "cantidad": 1, "precio_unitario": "2200.00", "subtotal": "2200.00", "comentarios": ""}}, {"model": "pedidos.itempedido", "pk": 13, "fields": {"pedido": 11, "producto": 1, "cantidad": 1, "precio_unitario": "1800.00", "subtotal": "1800.00", "comentarios": ""}}, {"model": "pedidos.itempedido", "pk": 14, "fields": {"pedido": 12, "producto": 1, "cantidad": 1, "precio_unitario": "1800.00", "subtotal": "1800.00", "comentarios": ""}}, {"model": "pedidos.itempedido", "pk": 15, "fields": {"pedido": 13, "producto": 4, "cantidad": 1, "precio_unitario": "1200.00", "subtotal": "1200.00", "comentarios": ""}}, {"model": "pedidos.itempedido", "pk": 16, "fields": {"pedido": 14, "producto": 1, "cantidad": 1, "precio_unitario": "1800.00", "subtotal": "1800.00", "comentarios": ""}}, {"model": "pedidos.itempedido", "pk": 17, "fields": {"pedido": 15, "producto": 5, "cantidad": 1, "precio_unitario": "2200.00", "subtotal": "2200.00", "comentarios": ""}}, {"model": "pedidos.itempedido", "pk": 18, "fields": {"pedido": 16, "producto": 7, "cantidad": 1, "precio_unitario": "2500.00", "subtotal": "2500.00", "comentarios": ""}}, {"model": "pedidos.itempedido", "pk": 19, "fields": {"pedido": 17, "producto": 1, "cantidad": 1, "precio_unitario": "1800.00", "subtotal": "1800.00", "comentarios": ""}}, {"model": "pedidos.itempedido", "pk": 20, "fields": {"pedido": 18, "producto": 3, "cantidad": 1, "precio_unitario": "5800.00", "subtotal": "5800.00", "comentarios": ""}}, {"model": "pedidos.itempedido", "pk": 21, "fields": {"pedido": 19, "producto": null, "cantidad": 1, "precio_unitario": "1.00", "subtotal": "1.00", "comentarios": "Térmico suelto 1/4"}}, {"model": "pedidos.itempedido", "pk": 22, "fields": {"pedido": 19, "producto": null, "cantidad": 1, "precio_unitario": "10.00", "subtotal": "10.00", "comentarios": "Vasito suelto"}}, {"model": "pedidos.itempedido", "pk": 23, "fields": {"pedido": 20, "producto": 6, "cantidad": 1, "precio_unitario": "1900.00", "subtotal": "1900.00", "comentarios": ""}}, {"model": "pedidos.itempedido", "pk": 24, "fields": {"pedido": 21, "producto": 1, "cantidad": 1, "precio_unitario": "1800.00", "subtotal": "1800.00", "comentarios": ""}}, {"model": "pedidos.itempedido", "pk": 25, "fields": {"pedido": 22, "producto": 3, "cantidad": 1, "precio_unitario": "5800.00", "subtotal": "5800.00", "comentarios": ""}}, {"model": "pedidos.itempedido", "pk": 26, "fields": {"pedido": 23, "producto": 5, "cantidad": 1, "precio_unitario": "2200.00", "subtotal": "2200.00", "comentarios": ""}}, {"model": "pedidos.itempedido", "pk": 27, "fields": {"pedido": 24, "producto": 7, "cantidad": 1, "precio_unitario": "2500.00", "subtotal": "2500.00", "comentarios": ""}}, {"model": "pedidos.itempedido", "pk": 28, "fields": {"pedido": 25, "producto": 5, "cantidad": 1, "precio_unitario": "2200.00", "subtotal": "2200.00", "comentarios": ""}}, {"model": "pedidos.itempedido", "pk": 29, "fields": {"pedido": 26, "producto": 7, "cantidad": 1, "precio_unitario": "2500.00", "subtotal": "2500.00", "comentarios": ""}}, {"model": "pedidos.itempedido", "pk": 30, "fields": {"pedido": 26, "producto": 5, "cantidad": 1, "precio_unitario": "2200.00", "subtotal": "2200.00", "comentarios": ""}}, {"model": "pedidos.itempedido", "pk": 31, "fields": {"pedido": 27, "producto": 4, "cantidad": 2, "precio_unitario": "1200.00", "subtotal": "2400.00", "comentarios": ""}}, {"model": "pedidos.itempedido", "pk": 32, "fields": {"pedido": 27, "producto": 1, "cantidad": 1, "precio_unitario": "1800.00", "subtotal": "1800.00", "comentarios": ""}}, {"model": "pedidos.itempedido", "pk": 33, "fields": {"pedido": 28, "producto": 3, "cantidad": 1, "precio_unitario": "5800.00", "subtotal": "5800.00", "comentarios": ""}}, {"model": "pedidos.itempedido", "pk": 34, "fields": {"pedido": 28, "producto": 2, "cantidad": 1, "precio_unitario": "3200.00", "subtotal": "3200.00", "comentarios": ""}}, {"model": "pedidos.itempedido", "pk": 35, "fields": {"pedido": 29, "producto": 4, "cantidad": 1, "precio_unitario": "1200.00", "subtotal": "1200.00", "comentarios": ""}}, {"model": "pedidos.itempedido", "pk": 36, "fields": {"pedido": 30, "producto": 3, "cantidad": 1, "precio_unitario": "5800.00", "subtotal": "5800.00", "comentarios": ""}}, {"model": "pedidos.itempedido", "pk": 37, "fields": {"pedido": 31, "producto": 4, "cantidad": 3, "precio_unitario": "1200.00", "subtotal": "3600.00", "comentarios": ""}}, {"model": "pedidos.itempedido", "pk": 38, "fields": {"pedido": 32, "producto": 3, "cantidad": 1, "precio_unitario": "5800.00", "subtotal": "5800.00", "comentarios": ""}}, {"model": "pedidos.itempedido", "pk": 39, "fields": {"pedido": 32, "producto": null, "cantidad": 1, "precio_unitario": "100.00", "subtotal": "100.00", "comentarios": "Adicional topping"}}, {"model": "pedidos.itempedido", "pk": 40, "fields": {"pedido": 33, "producto": 3, "cantidad": 1, "precio_unitario": "5800.00", "subtotal": "5800.00", "comentarios": ""}}, {"model": "pedidos.itempedidosabor", "pk": 1, "fields": {"item_pedido": 3, "sabor": 11, "orden": 0}}, {"model": "pedidos.itempedidosabor", "pk": 2, "fields": {"item_pedido": 4, "sabor": 6, "orden": 0}}, {"model": "pedidos.itempedidosabor", "pk": 3, "fields": {"item_pedido": 4, "sabor": 13, "orden": 1}}, {"model": "pedidos.itempedidosabor", "pk": 4, "fields": {"item_pedido": 4, "sabor": 7, "orden": 2}}, {"model": "pedidos.itempedidosabor", "pk": 5, "fields": {"item_pedido": 4, "sabor": 2, "orden": 3}}, {"model": "pedidos.itempedidosabor", "pk": 6, "fields": {"item_pedido": 5, "sabor": 14, "orden": 0}}, {"model": "pedidos.itempedidosabor", "pk": 7, "fields": {"item_pedido": 5, "sabor": 1, "orden": 1}}, {"model": "pedidos.itempedidosabor", "pk": 8, "fields": {"item_pedido": 5, "sabor": 13, "orden": 2}}, {"model": "pedidos.itempedidosabor", "pk": 9, "fields": {"item_pedido": 5, "sabor": 2, "orden": 3}}, {"model": "pedidos.itempedidosabor", "pk": 10, "fields": {"item_pedido": 7, "sabor": 14, "orden": 0}}, {"model": "pedidos.itempedidosabor", "pk": 11, "fields": {"item_pedido": 7, "sabor": 13, "orden": 1}}, {"model": "pedidos.itempedidosabor", "pk": 12, "fields": {"item_pedido": 13, "sabor": 4, "orden": 0}}, {"model": "pedidos.itempedidosabor", "pk": 13, "fields": {"item_pedido": 13, "sabor": 11, "orden": 1}}, {"model": "pedidos.itempedidosabor", "pk": 14, "fields": {"item_pedido": 13, "sabor": 8, "orden": 2}}, {"model": "pedidos.itempedidosabor", "pk": 15, "fields": {"item_pedido": 20, "sabor": 12, "orden": 0}}, {"model": "pedidos.itempedidosabor", "pk": 16, "fields": {"item_pedido": 40, "sabor": 15, "orden": 0}}, {"model": "pedidos.itempedidosabor", "pk": 17, "fields": {"item_pedido": 40, "sabor": 5, "orden": 1}}, {"model": "pedidos.itempedidosabor", "pk": 18, "fields": {"item_pedido": 40, "sabor": 9, "orden": 2}}, {"model": "pedidos.itempedidosabor", "pk": 19, "fields": {"item_pedido": 40, "sabor": 8, "orden": 3}}, {"model": "pedidos.itempedidotopping", "pk": 1, "fields": {"item_pedido": 3, "topping": 3}}, {"model": "pedidos.itempedidotopping", "pk": 2, "fields": {"item_pedido": 3, "topping": 5}}, {"model": "pagos.pago", "pk": 1, "fields": {"pedido": 1, "tipo": "MERCADOPAGO", "subtipo": "", "monto": "1800.00", "estado": "APROBADO", "referencia": "", "fecha": "2026-04-18T18:54:01.668Z"}}, {"model": "pagos.pago", "pk": 2, "fields": {"pedido": 2, "tipo": "EFECTIVO", "subtipo": "", "monto": "5800.00", "estado": "APROBADO", "referencia": "", "fecha": "2026-04-18T18:56:00.757Z"}}, {"model": "pagos.pago", "pk": 3, "fields": {"pedido": 3, "tipo": "EFECTIVO", "subtipo": "", "monto": "1000.00", "estado": "APROBADO", "referencia": "", "fecha": "2026-04-18T19:15:53.547Z"}}, {"model": "pagos.pago", "pk": 4, "fields": {"pedido": 3, "tipo": "MERCADOPAGO", "subtipo": "", "monto": "300.00", "estado": "PENDIENTE", "referencia": "", "fecha": "2026-04-18T19:15:53.555Z"}}, {"model": "pagos.pago", "pk": 5, "fields": {"pedido": 4, "tipo": "EFECTIVO", "subtipo": "", "monto": "5800.00", "estado": "PENDIENTE", "referencia": "", "fecha": "2026-04-18T19:24:17.166Z"}}, {"model": "pagos.pago", "pk": 6, "fields": {"pedido": 5, "tipo": "MERCADOPAGO", "subtipo": "", "monto": "5700.00", "estado": "PENDIENTE", "referencia": "", "fecha": "2026-04-18T20:07:46.336Z"}}, {"model": "pagos.pago", "pk": 7, "fields": {"pedido": 6, "tipo": "EFECTIVO", "subtipo": "", "monto": "3200.00", "estado": "PENDIENTE", "referencia": "", "fecha": "2026-04-18T20:17:50.319Z"}}, {"model": "pagos.pago", "pk": 8, "fields": {"pedido": 7, "tipo": "EFECTIVO", "subtipo": "", "monto": "5800.00", "estado": "APROBADO", "referencia": "", "fecha": "2026-04-18T20:29:48.759Z"}}, {"model": "pagos.pago", "pk": 9, "fields": {"pedido": 8, "tipo": "MERCADOPAGO", "subtipo": "", "monto": "1200.00", "estado": "APROBADO", "referencia": "", "fecha": "2026-04-18T20:29:54.233Z"}}, {"model": "pagos.pago", "pk": 10, "fields": {"pedido": 9, "tipo": "MERCADOPAGO", "subtipo": "", "monto": "3200.00", "estado": "APROBADO", "referencia": "", "fecha": "2026-04-18T20:30:49.292Z"}}, {"model": "pagos.pago", "pk": 11, "fields": {"pedido": 10, "tipo": "EFECTIVO", "subtipo": "", "monto": "4700.00", "estado": "APROBADO", "referencia": "", "fecha": "2026-04-18T20:30:57.449Z"}}, {"model": "pagos.pago", "pk": 12, "fields": {"pedido": 11, "tipo": "EFECTIVO", "subtipo": "", "monto": "1800.00", "estado": "PENDIENTE", "referencia": "", "fecha": "2026-04-18T21:18:04.380Z"}}, {"model": "pagos.pago", "pk": 13, "fields": {"pedido": 12, "tipo": "EFECTIVO", "subtipo": "", "monto": "1800.00", "estado": "APROBADO", "referencia": "", "fecha": "2026-04-18T21:42:35.694Z"}}, {"model": "pagos.pago", "pk": 14, "fields": {"pedido": 13, "tipo": "EFECTIVO", "subtipo": "", "monto": "1200.00", "estado": "APROBADO", "referencia": "", "fecha": "2026-04-18T22:08:53.151Z"}}, {"model": "pagos.pago", "pk": 15, "fields": {"pedido": 14, "tipo": "EFECTIVO", "subtipo": "", "monto": "1800.00", "estado": "APROBADO", "referencia": "", "fecha": "2026-04-18T22:09:01.352Z"}}, {"model": "pagos.pago", "pk": 16, "fields": {"pedido": 15, "tipo": "EFECTIVO", "subtipo": "", "monto": "1000.00", "estado": "APROBADO", "referencia": "", "fecha": "2026-04-18T22:09:58.854Z"}}, {"model": "pagos.pago", "pk": 17, "fields": {"pedido": 15, "tipo": "MERCADOPAGO", "subtipo": "", "monto": "1200.00", "estado": "APROBADO", "referencia": "", "fecha": "2026-04-18T22:09:58.861Z"}}, {"model": "pagos.pago", "pk": 18, "fields": {"pedido": 16, "tipo": "EFECTIVO", "subtipo": "", "monto": "150.00", "estado": "APROBADO", "referencia": "", "fecha": "2026-04-18T22:10:09.617Z"}}, {"model": "pagos.pago", "pk": 19, "fields": {"pedido": 16, "tipo": "MERCADOPAGO", "subtipo": "", "monto": "200.00", "estado": "APROBADO", "referencia": "", "fecha": "2026-04-18T22:10:09.624Z"}}, {"model": "pagos.pago", "pk": 20, "fields": {"pedido": 17, "tipo": "EFECTIVO", "subtipo": "", "monto": "12.00", "estado": "APROBADO", "referencia": "", "fecha": "2026-04-18T22:10:19.352Z"}}, {"model": "pagos.pago", "pk": 21, "fields": {"pedido": 18, "tipo": "EFECTIVO", "subtipo": "", "monto": "5800.00", "estado": "PENDIENTE", "referencia": "", "fecha": "2026-04-18T22:15:53.728Z"}}, {"model": "pagos.pago", "pk": 22, "fields": {"pedido": 19, "tipo": "MERCADOPAGO", "subtipo": "", "monto": "11.00", "estado": "APROBADO", "referencia": "", "fecha": "2026-04-20T17:10:10.023Z"}}, {"model": "pagos.pago", "pk": 23, "fields": {"pedido": 20, "tipo": "MERCADOPAGO", "subtipo": "", "monto": "1900.00", "estado": "APROBADO", "referencia": "", "fecha": "2026-04-20T17:11:39.674Z"}}, {"model": "pagos.pago", "pk": 24, "fields": {"pedido": 21, "tipo": "EFECTIVO", "subtipo": "", "monto": "200.00", "estado": "APROBADO", "referencia": "", "fecha": "2026-04-20T17:12:26.468Z"}}, {"model": "pagos.pago", "pk": 25, "fields": {"pedido": 21, "tipo": "MERCADOPAGO", "subtipo": "", "monto": "200.00", "estado": "APROBADO", "referencia": "", "fecha": "2026-04-20T17:12:26.473Z"}}, {"model": "pagos.pago", "pk": 26, "fields": {"pedido": 23, "tipo": "MERCADOPAGO", "subtipo": "", "monto": "2200.00", "estado": "APROBADO", "referencia": "", "fecha": "2026-04-20T21:41:44.210Z"}}, {"model": "pagos.pago", "pk": 27, "fields": {"pedido": 24, "tipo": "EFECTIVO", "subtipo": "", "monto": "2500.00", "estado": "APROBADO", "referencia": "", "fecha": "2026-04-20T22:07:22.792Z"}}, {"model": "pagos.pago", "pk": 28, "fields": {"pedido": 25, "tipo": "EFECTIVO", "subtipo": "", "monto": "2200.00", "estado": "APROBADO", "referencia": "", "fecha": "2026-04-20T22:56:55.683Z"}}, {"model": "pagos.pago", "pk": 29, "fields": {"pedido": 26, "tipo": "MERCADOPAGO", "subtipo": "", "monto": "4700.00", "estado": "APROBADO", "referencia": "", "fecha": "2026-04-20T22:58:05.733Z"}}, {"model": "pagos.pago", "pk": 30, "fields": {"pedido": 27, "tipo": "EFECTIVO", "subtipo": "", "monto": "1000.00", "estado": "APROBADO", "referencia": "", "fecha": "2026-04-20T22:58:44.449Z"}}, {"model": "pagos.pago", "pk": 31, "fields": {"pedido": 27, "tipo": "MERCADOPAGO", "subtipo": "", "monto": "4000.00", "estado": "APROBADO", "referencia": "", "fecha": "2026-04-20T22:58:44.455Z"}}, {"model": "pagos.pago", "pk": 32, "fields": {"pedido": 28, "tipo": "MERCADOPAGO", "subtipo": "", "monto": "10000.00", "estado": "APROBADO", "referencia": "", "fecha": "2026-04-20T23:33:37.970Z"}}, {"model": "pagos.pago", "pk": 33, "fields": {"pedido": 29, "tipo": "EFECTIVO", "subtipo": "", "monto": "1000.00", "estado": "APROBADO", "referencia": "", "fecha": "2026-04-20T23:34:09.517Z"}}, {"model": "pagos.pago", "pk": 34, "fields": {"pedido": 29, "tipo": "MERCADOPAGO", "subtipo": "", "monto": "200.00", "estado": "APROBADO", "referencia": "", "fecha": "2026-04-20T23:34:09.529Z"}}, {"model": "pagos.pago", "pk": 35, "fields": {"pedido": 30, "tipo": "EFECTIVO", "subtipo": "", "monto": "10000.00", "estado": "APROBADO", "referencia": "", "fecha": "2026-04-20T23:34:31.965Z"}}, {"model": "pagos.pago", "pk": 36, "fields": {"pedido": 30, "tipo": "MERCADOPAGO", "subtipo": "", "monto": "300.00", "estado": "APROBADO", "referencia": "", "fecha": "2026-04-20T23:34:31.971Z"}}, {"model": "pagos.pago", "pk": 37, "fields": {"pedido": 31, "tipo": "EFECTIVO", "subtipo": "", "monto": "3600.00", "estado": "APROBADO", "referencia": "", "fecha": "2026-04-21T02:30:16.560Z"}}, {"model": "pagos.pago", "pk": 38, "fields": {"pedido": 32, "tipo": "TARJETA", "subtipo": "DEBITO", "monto": "3000.00", "estado": "APROBADO", "referencia": "mastercard", "fecha": "2026-04-21T11:49:48.219Z"}}, {"model": "pagos.pago", "pk": 39, "fields": {"pedido": 32, "tipo": "DIGITAL", "subtipo": "MERCADOPAGO", "monto": "2900.00", "estado": "APROBADO", "referencia": "1548", "fecha": "2026-04-21T11:49:48.224Z"}}, {"model": "pagos.pago", "pk": 40, "fields": {"pedido": 33, "tipo": "EFECTIVO", "subtipo": "", "monto": "5800.00", "estado": "PENDIENTE", "referencia": "", "fecha": "2026-04-22T14:02:02.211Z"}}, {"model": "pagos.cajadiaria", "pk": 1, "fields": {"fecha": "2026-04-18", "monto_inicial": "10000.00", "monto_cierre_esperado": "38000.00", "monto_cierre_real": null, "diferencia": null, "cerrada": false, "abierta_en": "2026-04-18T20:27:25.155Z", "cerrada_en": null}}, {"model": "pagos.cajadiaria", "pk": 2, "fields": {"fecha": "2026-04-20", "monto_inicial": "200.00", "monto_cierre_esperado": "9711.00", "monto_cierre_real": "9800.00", "diferencia": "89.00", "cerrada": true, "abierta_en": "2026-04-20T16:54:53.247Z", "cerrada_en": "2026-04-20T17:15:59.080Z"}}, {"model": "pagos.cajadiaria", "pk": 3, "fields": {"fecha": "2026-04-21", "monto_inicial": "500.00", "monto_cierre_esperado": "10000.00", "monto_cierre_real": "5000.00", "diferencia": "-5000.00", "cerrada": true, "abierta_en": "2026-04-21T02:00:50.856Z", "cerrada_en": "2026-04-21T11:50:46.499Z"}}, {"model": "pagos.cajadiaria", "pk": 4, "fields": {"fecha": "2026-04-22", "monto_inicial": "500.00", "monto_cierre_esperado": "6500.00", "monto_cierre_real": null, "diferencia": null, "cerrada": false, "abierta_en": "2026-04-22T11:29:31.112Z", "cerrada_en": null}}, {"model": "pagos.movimientocaja", "pk": 1, "fields": {"caja": 1, "pedido": 7, "tipo": "INGRESO", "monto": "5800.00", "descripcion": "POS – #000007", "fecha": "2026-04-18T20:29:48.766Z"}}, {"model": "pagos.movimientocaja", "pk": 2, "fields": {"caja": 1, "pedido": 8, "tipo": "INGRESO", "monto": "1200.00", "descripcion": "POS – #000008", "fecha": "2026-04-18T20:29:54.240Z"}}, {"model": "pagos.movimientocaja", "pk": 3, "fields": {"caja": 1, "pedido": 9, "tipo": "INGRESO", "monto": "3200.00", "descripcion": "POS – #000009", "fecha": "2026-04-18T20:30:49.302Z"}}, {"model": "pagos.movimientocaja", "pk": 4, "fields": {"caja": 1, "pedido": 10, "tipo": "INGRESO", "monto": "4700.00", "descripcion": "POS – #000010", "fecha": "2026-04-18T20:30:57.456Z"}}, {"model": "pagos.movimientocaja", "pk": 5, "fields": {"caja": 1, "pedido": 11, "tipo": "INGRESO", "monto": "1800.00", "descripcion": "Pedido #000011 – Efectivo", "fecha": "2026-04-18T21:18:04.389Z"}}, {"model": "pagos.movimientocaja", "pk": 6, "fields": {"caja": 1, "pedido": 12, "tipo": "INGRESO", "monto": "1800.00", "descripcion": "POS – #000012 – Mostrador", "fecha": "2026-04-18T21:42:35.700Z"}}, {"model": "pagos.movimientocaja", "pk": 7, "fields": {"caja": 1, "pedido": 13, "tipo": "INGRESO", "monto": "1200.00", "descripcion": "POS – #000013 – Mostrador", "fecha": "2026-04-18T22:08:53.162Z"}}, {"model": "pagos.movimientocaja", "pk": 8, "fields": {"caja": 1, "pedido": 14, "tipo": "INGRESO", "monto": "1800.00", "descripcion": "POS – #000014 – Mostrador", "fecha": "2026-04-18T22:09:01.360Z"}}, {"model": "pagos.movimientocaja", "pk": 9, "fields": {"caja": 1, "pedido": 15, "tipo": "INGRESO", "monto": "2200.00", "descripcion": "POS – #000015 – Mostrador", "fecha": "2026-04-18T22:09:58.869Z"}}, {"model": "pagos.movimientocaja", "pk": 10, "fields": {"caja": 1, "pedido": 16, "tipo": "INGRESO", "monto": "2500.00", "descripcion": "POS – #000016 – Mostrador", "fecha": "2026-04-18T22:10:09.631Z"}}, {"model": "pagos.movimientocaja", "pk": 11, "fields": {"caja": 1, "pedido": 17, "tipo": "INGRESO", "monto": "1800.00", "descripcion": "POS – #000017 – Mostrador", "fecha": "2026-04-18T22:10:19.360Z"}}, {"model": "pagos.movimientocaja", "pk": 12, "fields": {"caja": 1, "pedido": 18, "tipo": "INGRESO", "monto": "5800.00", "descripcion": "Pedido #000018 – Efectivo", "fecha": "2026-04-18T22:15:53.738Z"}}, {"model": "pagos.movimientocaja", "pk": 13, "fields": {"caja": 2, "pedido": 19, "tipo": "INGRESO", "monto": "11.00", "descripcion": "POS – #000019 – Mostrador", "fecha": "2026-04-20T17:10:10.031Z"}}, {"model": "pagos.movimientocaja", "pk": 14, "fields": {"caja": 2, "pedido": 20, "tipo": "INGRESO", "monto": "1900.00", "descripcion": "POS – #000020 – Mostrador", "fecha": "2026-04-20T17:11:39.679Z"}}, {"model": "pagos.movimientocaja", "pk": 15, "fields": {"caja": 2, "pedido": 21, "tipo": "INGRESO", "monto": "1800.00", "descripcion": "POS – #000021 – Mostrador", "fecha": "2026-04-20T17:12:26.478Z"}}, {"model": "pagos.movimientocaja", "pk": 16, "fields": {"caja": 2, "pedido": 22, "tipo": "INGRESO", "monto": "5800.00", "descripcion": "POS – #000022 – Mostrador", "fecha": "2026-04-20T17:13:23.720Z"}}, {"model": "pagos.movimientocaja", "pk": 17, "fields": {"caja": 3, "pedido": 31, "tipo": "INGRESO", "monto": "3600.00", "descripcion": "POS – #000031 – Mostrador", "fecha": "2026-04-21T02:30:16.571Z"}}, {"model": "pagos.movimientocaja", "pk": 18, "fields": {"caja": 3, "pedido": 32, "tipo": "INGRESO", "monto": "5900.00", "descripcion": "POS – #000032 – Fer", "fecha": "2026-04-21T11:49:48.229Z"}}, {"model": "pagos.movimientocaja", "pk": 19, "fields": {"caja": 4, "pedido": null, "tipo": "INGRESO", "monto": "1000.00", "descripcion": "Apertura caja", "fecha": "2026-04-22T11:29:49.051Z"}}, {"model": "pagos.movimientocaja", "pk": 20, "fields": {"caja": 4, "pedido": null, "tipo": "EGRESO", "monto": "800.00", "descripcion": "Compra agua", "fecha": "2026-04-22T11:30:09.834Z"}}, {"model": "pagos.movimientocaja", "pk": 21, "fields": {"caja": 4, "pedido": 33, "tipo": "INGRESO", "monto": "5800.00", "descripcion": "Delivery entregado – #000033", "fecha": "2026-04-22T14:05:22.758Z"}}, {"model": "pagos.ajustestock", "pk": 1, "fields": {"sabor": 11, "cantidad_kg": "-1.000", "motivo": "Conteo", "fecha": "2026-04-18T20:09:25.264Z"}}, {"model": "pagos.insumostock", "pk": 1, "fields": {"nombre": "Térmicos 1/4", "unidad": "unidad", "cantidad_actual": 50, "cantidad_minima": 20}}, {"model": "pagos.insumostock", "pk": 2, "fields": {"nombre": "Térmicos 1/2", "unidad": "unidad", "cantidad_actual": 40, "cantidad_minima": 15}}, {"model": "pagos.insumostock", "pk": 3, "fields": {"nombre": "Térmicos 1kg", "unidad": "unidad", "cantidad_actual": 30, "cantidad_minima": 10}}, {"model": "pagos.insumostock", "pk": 4, "fields": {"nombre": "Cucharas", "unidad": "paquete", "cantidad_actual": 5, "cantidad_minima": 3}}, {"model": "pagos.insumostock", "pk": 5, "fields": {"nombre": "Bolsas", "unidad": "paquete", "cantidad_actual": 8, "cantidad_minima": 4}}, {"model": "pagos.insumostock", "pk": 6, "fields": {"nombre": "Servilletas", "unidad": "paquete", "cantidad_actual": 3, "cantidad_minima": 5}}]
